OBJECTID,Boundary_Type,VolcanoSums
2,Unknown,
3,Unknown,
5,Convergent,http://education.maps.arcgis.com/sharing/rest/content/items/47856f625eda4098927f5f93b0f03cf7/data
7,Convergent,http://education.maps.arcgis.com/sharing/rest/content/items/47856f625eda4098927f5f93b0f03cf7/data
8,Unknown,
9,Divergent,http://education.maps.arcgis.com/sharing/rest/content/items/255c48684c63473fa575a2761fe5b464/data
10,Convergent,http://education.maps.arcgis.com/sharing/rest/content/items/47856f625eda4098927f5f93b0f03cf7/data
11,Convergent,http://education.maps.arcgis.com/sharing/rest/content/items/47856f625eda4098927f5f93b0f03cf7/data
12,Convergent,http://education.maps.arcgis.com/sharing/rest/content/items/47856f625eda4098927f5f93b0f03cf7/data
13,Convergent,http://education.maps.arcgis.com/sharing/rest/content/items/47856f625eda4098927f5f93b0f03cf7/data
14,Convergent,http://education.maps.arcgis.com/sharing/rest/content/items/47856f625eda4098927f5f93b0f03cf7/data
15,Transform,http://education.maps.arcgis.com/sharing/rest/content/items/3b7f217e31a84b95a38e0ba34498c4fd/data
16,Convergent,http://education.maps.arcgis.com/sharing/rest/content/items/47856f625eda4098927f5f93b0f03cf7/data
17,Divergent,http://education.maps.arcgis.com/sharing/rest/content/items/255c48684c63473fa575a2761fe5b464/data
18,Divergent,http://education.maps.arcgis.com/sharing/rest/content/items/255c48684c63473fa575a2761fe5b464/data
19,Convergent,http://education.maps.arcgis.com/sharing/rest/content/items/47856f625eda4098927f5f93b0f03cf7/data
20,Divergent,http://education.maps.arcgis.com/sharing/rest/content/items/255c48684c63473fa575a2761fe5b464/data
21,Transform,http://education.maps.arcgis.com/sharing/rest/content/items/3b7f217e31a84b95a38e0ba34498c4fd/data
22,Convergent,http://education.maps.arcgis.com/sharing/rest/content/items/47856f625eda4098927f5f93b0f03cf7/data
23,Convergent,http://education.maps.arcgis.com/sharing/rest/content/items/47856f625eda4098927f5f93b0f03cf7/data
24,Convergent,http://education.maps.arcgis.com/sharing/rest/content/items/47856f625eda4098927f5f93b0f03cf7/data
25,Divergent,http://education.maps.arcgis.com/sharing/rest/content/items/255c48684c63473fa575a2761fe5b464/data
26,Divergent,http://education.maps.arcgis.com/sharing/rest/content/items/255c48684c63473fa575a2761fe5b464/data
27,Convergent,http://education.maps.arcgis.com/sharing/rest/content/items/47856f625eda4098927f5f93b0f03cf7/data
28,Convergent,http://education.maps.arcgis.com/sharing/rest/content/items/47856f625eda4098927f5f93b0f03cf7/data
29,Convergent,http://education.maps.arcgis.com/sharing/rest/content/items/47856f625eda4098927f5f93b0f03cf7/data
30,Divergent,http://education.maps.arcgis.com/sharing/rest/content/items/255c48684c63473fa575a2761fe5b464/data
31,Divergent,http://education.maps.arcgis.com/sharing/rest/content/items/255c48684c63473fa575a2761fe5b464/data
32,Convergent,http://education.maps.arcgis.com/sharing/rest/content/items/47856f625eda4098927f5f93b0f03cf7/data
33,Divergent,http://education.maps.arcgis.com/sharing/rest/content/items/255c48684c63473fa575a2761fe5b464/data
34,Divergent,http://education.maps.arcgis.com/sharing/rest/content/items/255c48684c63473fa575a2761fe5b464/data
35,Transform,http://education.maps.arcgis.com/sharing/rest/content/items/3b7f217e31a84b95a38e0ba34498c4fd/data
36,Divergent,http://education.maps.arcgis.com/sharing/rest/content/items/255c48684c63473fa575a2761fe5b464/data
37,Divergent,http://education.maps.arcgis.com/sharing/rest/content/items/255c48684c63473fa575a2761fe5b464/data
38,Transform,http://education.maps.arcgis.com/sharing/rest/content/items/3b7f217e31a84b95a38e0ba34498c4fd/data
39,Transform,http://education.maps.arcgis.com/sharing/rest/content/items/3b7f217e31a84b95a38e0ba34498c4fd/data
40,Divergent,http://education.maps.arcgis.com/sharing/rest/content/items/255c48684c63473fa575a2761fe5b464/data
42,Divergent,http://education.maps.arcgis.com/sharing/rest/content/items/255c48684c63473fa575a2761fe5b464/data
44,Divergent,http://education.maps.arcgis.com/sharing/rest/content/items/255c48684c63473fa575a2761fe5b464/data
48,Convergent,http://education.maps.arcgis.com/sharing/rest/content/items/47856f625eda4098927f5f93b0f03cf7/data
49,Convergent,http://education.maps.arcgis.com/sharing/rest/content/items/47856f625eda4098927f5f93b0f03cf7/data
50,Convergent,http://education.maps.arcgis.com/sharing/rest/content/items/47856f625eda4098927f5f93b0f03cf7/data
51,Convergent,http://education.maps.arcgis.com/sharing/rest/content/items/47856f625eda4098927f5f93b0f03cf7/data
52,Transform,http://education.maps.arcgis.com/sharing/rest/content/items/3b7f217e31a84b95a38e0ba34498c4fd/data
53,Transform,http://education.maps.arcgis.com/sharing/rest/content/items/3b7f217e31a84b95a38e0ba34498c4fd/data
54,Convergent,http://education.maps.arcgis.com/sharing/rest/content/items/47856f625eda4098927f5f93b0f03cf7/data
55,Convergent,http://education.maps.arcgis.com/sharing/rest/content/items/47856f625eda4098927f5f93b0f03cf7/data
56,Convergent,http://education.maps.arcgis.com/sharing/rest/content/items/47856f625eda4098927f5f93b0f03cf7/data
57,Convergent,http://education.maps.arcgis.com/sharing/rest/content/items/47856f625eda4098927f5f93b0f03cf7/data
58,Transform,http://education.maps.arcgis.com/sharing/rest/content/items/3b7f217e31a84b95a38e0ba34498c4fd/data
59,Transform,http://education.maps.arcgis.com/sharing/rest/content/items/3b7f217e31a84b95a38e0ba34498c4fd/data
60,Convergent,http://education.maps.arcgis.com/sharing/rest/content/items/47856f625eda4098927f5f93b0f03cf7/data
61,Transform,http://education.maps.arcgis.com/sharing/rest/content/items/3b7f217e31a84b95a38e0ba34498c4fd/data
62,Convergent,http://education.maps.arcgis.com/sharing/rest/content/items/47856f625eda4098927f5f93b0f03cf7/data
63,Transform,http://education.maps.arcgis.com/sharing/rest/content/items/3b7f217e31a84b95a38e0ba34498c4fd/data
64,Convergent,http://education.maps.arcgis.com/sharing/rest/content/items/47856f625eda4098927f5f93b0f03cf7/data
65,Convergent,http://education.maps.arcgis.com/sharing/rest/content/items/47856f625eda4098927f5f93b0f03cf7/data
66,Convergent,http://education.maps.arcgis.com/sharing/rest/content/items/47856f625eda4098927f5f93b0f03cf7/data
67,Convergent,http://education.maps.arcgis.com/sharing/rest/content/items/47856f625eda4098927f5f93b0f03cf7/data
68,Unknown,
69,Convergent,http://education.maps.arcgis.com/sharing/rest/content/items/47856f625eda4098927f5f93b0f03cf7/data
70,Transform,http://education.maps.arcgis.com/sharing/rest/content/items/3b7f217e31a84b95a38e0ba34498c4fd/data
71,Transform,http://education.maps.arcgis.com/sharing/rest/content/items/3b7f217e31a84b95a38e0ba34498c4fd/data
72,Divergent,http://education.maps.arcgis.com/sharing/rest/content/items/255c48684c63473fa575a2761fe5b464/data
73,Transform,http://education.maps.arcgis.com/sharing/rest/content/items/3b7f217e31a84b95a38e0ba34498c4fd/data
74,Convergent,http://education.maps.arcgis.com/sharing/rest/content/items/47856f625eda4098927f5f93b0f03cf7/data
75,Divergent,http://education.maps.arcgis.com/sharing/rest/content/items/255c48684c63473fa575a2761fe5b464/data
76,Transform,http://education.maps.arcgis.com/sharing/rest/content/items/3b7f217e31a84b95a38e0ba34498c4fd/data
77,Divergent,http://education.maps.arcgis.com/sharing/rest/content/items/255c48684c63473fa575a2761fe5b464/data
78,Divergent,http://education.maps.arcgis.com/sharing/rest/content/items/255c48684c63473fa575a2761fe5b464/data
79,Transform,http://education.maps.arcgis.com/sharing/rest/content/items/3b7f217e31a84b95a38e0ba34498c4fd/data
80,Transform,http://education.maps.arcgis.com/sharing/rest/content/items/3b7f217e31a84b95a38e0ba34498c4fd/data
81,Divergent,http://education.maps.arcgis.com/sharing/rest/content/items/255c48684c63473fa575a2761fe5b464/data
82,Divergent,http://education.maps.arcgis.com/sharing/rest/content/items/255c48684c63473fa575a2761fe5b464/data
83,Divergent,http://education.maps.arcgis.com/sharing/rest/content/items/255c48684c63473fa575a2761fe5b464/data
84,Transform,http://education.maps.arcgis.com/sharing/rest/content/items/3b7f217e31a84b95a38e0ba34498c4fd/data
86,Divergent,http://education.maps.arcgis.com/sharing/rest/content/items/255c48684c63473fa575a2761fe5b464/data
87,Transform,http://education.maps.arcgis.com/sharing/rest/content/items/3b7f217e31a84b95a38e0ba34498c4fd/data
88,Divergent,http://education.maps.arcgis.com/sharing/rest/content/items/255c48684c63473fa575a2761fe5b464/data
89,Transform,http://education.maps.arcgis.com/sharing/rest/content/items/3b7f217e31a84b95a38e0ba34498c4fd/data
90,Divergent,http://education.maps.arcgis.com/sharing/rest/content/items/255c48684c63473fa575a2761fe5b464/data
91,Transform,http://education.maps.arcgis.com/sharing/rest/content/items/3b7f217e31a84b95a38e0ba34498c4fd/data
93,Transform,http://education.maps.arcgis.com/sharing/rest/content/items/3b7f217e31a84b95a38e0ba34498c4fd/data
94,Divergent,http://education.maps.arcgis.com/sharing/rest/content/items/255c48684c63473fa575a2761fe5b464/data
95,Transform,http://education.maps.arcgis.com/sharing/rest/content/items/3b7f217e31a84b95a38e0ba34498c4fd/data
96,Divergent,http://education.maps.arcgis.com/sharing/rest/content/items/255c48684c63473fa575a2761fe5b464/data
97,Transform,http://education.maps.arcgis.com/sharing/rest/content/items/3b7f217e31a84b95a38e0ba34498c4fd/data
99,Divergent,http://education.maps.arcgis.com/sharing/rest/content/items/255c48684c63473fa575a2761fe5b464/data
100,Transform,http://education.maps.arcgis.com/sharing/rest/content/items/3b7f217e31a84b95a38e0ba34498c4fd/data
101,Transform,http://education.maps.arcgis.com/sharing/rest/content/items/3b7f217e31a84b95a38e0ba34498c4fd/data
102,Convergent,http://education.maps.arcgis.com/sharing/rest/content/items/47856f625eda4098927f5f93b0f03cf7/data
103,Transform,http://education.maps.arcgis.com/sharing/rest/content/items/3b7f217e31a84b95a38e0ba34498c4fd/data
104,Divergent,http://education.maps.arcgis.com/sharing/rest/content/items/255c48684c63473fa575a2761fe5b464/data
105,Transform,http://education.maps.arcgis.com/sharing/rest/content/items/3b7f217e31a84b95a38e0ba34498c4fd/data
106,Divergent,http://education.maps.arcgis.com/sharing/rest/content/items/255c48684c63473fa575a2761fe5b464/data
107,Divergent,http://education.maps.arcgis.com/sharing/rest/content/items/255c48684c63473fa575a2761fe5b464/data
108,Transform,http://education.maps.arcgis.com/sharing/rest/content/items/3b7f217e31a84b95a38e0ba34498c4fd/data
109,Divergent,http://education.maps.arcgis.com/sharing/rest/content/items/255c48684c63473fa575a2761fe5b464/data
110,Transform,http://education.maps.arcgis.com/sharing/rest/content/items/3b7f217e31a84b95a38e0ba34498c4fd/data
111,Divergent,http://education.maps.arcgis.com/sharing/rest/content/items/255c48684c63473fa575a2761fe5b464/data
112,Transform,http://education.maps.arcgis.com/sharing/rest/content/items/3b7f217e31a84b95a38e0ba34498c4fd/data
114,Transform,http://education.maps.arcgis.com/sharing/rest/content/items/3b7f217e31a84b95a38e0ba34498c4fd/data
115,Divergent,http://education.maps.arcgis.com/sharing/rest/content/items/255c48684c63473fa575a2761fe5b464/data
116,Transform,http://education.maps.arcgis.com/sharing/rest/content/items/3b7f217e31a84b95a38e0ba34498c4fd/data
117,Divergent,http://education.maps.arcgis.com/sharing/rest/content/items/255c48684c63473fa575a2761fe5b464/data
118,Transform,http://education.maps.arcgis.com/sharing/rest/content/items/3b7f217e31a84b95a38e0ba34498c4fd/data
119,Divergent,http://education.maps.arcgis.com/sharing/rest/content/items/255c48684c63473fa575a2761fe5b464/data
120,Transform,http://education.maps.arcgis.com/sharing/rest/content/items/3b7f217e31a84b95a38e0ba34498c4fd/data
121,Divergent,http://education.maps.arcgis.com/sharing/rest/content/items/255c48684c63473fa575a2761fe5b464/data
122,Transform,http://education.maps.arcgis.com/sharing/rest/content/items/3b7f217e31a84b95a38e0ba34498c4fd/data
123,Divergent,http://education.maps.arcgis.com/sharing/rest/content/items/255c48684c63473fa575a2761fe5b464/data
124,Transform,http://education.maps.arcgis.com/sharing/rest/content/items/3b7f217e31a84b95a38e0ba34498c4fd/data
125,Divergent,http://education.maps.arcgis.com/sharing/rest/content/items/255c48684c63473fa575a2761fe5b464/data
126,Transform,http://education.maps.arcgis.com/sharing/rest/content/items/3b7f217e31a84b95a38e0ba34498c4fd/data
127,Transform,http://education.maps.arcgis.com/sharing/rest/content/items/3b7f217e31a84b95a38e0ba34498c4fd/data
128,Convergent,http://education.maps.arcgis.com/sharing/rest/content/items/47856f625eda4098927f5f93b0f03cf7/data
129,Divergent,http://education.maps.arcgis.com/sharing/rest/content/items/255c48684c63473fa575a2761fe5b464/data
